id,firstname,lastname,email,salary
100,Dianemarie,Sophronia,Dianemarie.Sophronia@yopmail.com,290
101,Lory,Paton,Lory.Paton@yopmail.com,407
102,Leia,Saunderson,Leia.Saunderson@yopmail.com,196
103,Viki,Morgun,Viki.Morgun@yopmail.com,556
104,Tani,Vary,Tani.Vary@yopmail.com,393
105,Kelly,Firmin,Kelly.Firmin@yopmail.com,821
106,Jaclyn,Jary,Jaclyn.Jary@yopmail.com,308
107,Gusty,Chauncey,Gusty.Chauncey@yopmail.com,65
108,Nannie,Deegan,Nannie.Deegan@yopmail.com,336
109,Millie,Bearnard,Millie.Bearnard@yopmail.com,112
110,Karina,McCutcheon,Karina.McCutcheon@yopmail.com,88
111,Maryellen,Sheng,Maryellen.Sheng@yopmail.com,402
112,Merci,Melleta,Merci.Melleta@yopmail.com,607
113,Stevana,Dorine,Stevana.Dorine@yopmail.com,723
114,Tracey,Faust,Tracey.Faust@yopmail.com,920
115,Maye,Secrest,Maye.Secrest@yopmail.com,475
116,Alie,Tomasina,Alie.Tomasina@yopmail.com,160
117,Kristina,Couture,Kristina.Couture@yopmail.com,879
118,Hallie,Cimbura,Hallie.Cimbura@yopmail.com,451
119,Roxane,Shields,Roxane.Shields@yopmail.com,793
